{
  "best_test_mae": 0.7219753924616339,
  "train_mae": [
    3.3621534863893925,
    2.0292020875450123,
    1.7094692851667095,
    1.5030273115739368,
    1.3367145099731748,
    1.2386884983501558,
    1.1588485081088995,
    1.1471468480594285,
    1.0836860305695,
    1.0672239806319461,
    1.022216651703057,
    0.9985741444318365,
    0.9905030149445759,
    0.9565714758877328,
    0.9589677968292132,
    0.9223137653260568,
    0.930957384617207,
    0.9122611362968165,
    0.9000258999274701,
    0.8928471229626003,
    0.8858201953753335,
    0.8702327367733032,
    0.8685653674851903,
    0.8522768355580312,
    0.8486599168942593,
    0.8255344385244706,
    0.8225626539135812,
    0.8232431641716519,
    0.826280390908605,
    0.8134374346987273,
    0.8029496664623598,
    0.8067482980665963,
    0.7758242467118531,
    0.7768109147736385,
    0.7830244052876415,
    0.7758586832620993,
    0.7696439486069871,
    0.7738990706565846,
    0.7595573435533368,
    0.755094649259271,
    0.7463339288404438,
    0.7494590366634755,
    0.733876711614697,
    0.7371510785947895,
    0.7308271841301506,
    0.7429763589270788,
    0.7246323008721213,
    0.7085801379117321,
    0.7144115425162919,
    0.701420501433287
  ],
  "test_mae": [
    2.2228721329864674,
    1.8345620510036038,
    1.5803681352776915,
    1.3519228979211915,
    1.2402921370438436,
    1.1510614423971932,
    1.1605343385283657,
    1.1260640916250984,
    1.029926064762882,
    1.023838240471133,
    1.057164423673596,
    0.9736374615145946,
    1.0063593462851141,
    0.9605586991932982,
    0.922700179300222,
    0.9330153210697153,
    0.9113131444067878,
    0.9051886545621614,
    0.9119210184013938,
    0.8740260746079859,
    0.9557038443638273,
    0.8684230396310174,
    0.9076357416048115,
    0.8656825267309483,
    0.8239118997470106,
    0.811381166614955,
    0.8026219927683238,
    0.8595368997470106,
    0.8215832179765626,
    0.7854033233191723,
    0.8233384851070431,
    0.800326899210005,
    0.768348582305067,
    0.7624311461789064,
    0.7991117635564094,
    0.7925765561230579,
    0.7944884320031504,
    0.7862922190863744,
    0.813933879686866,
    0.7592963286713287,
    0.7493909401179025,
    0.7547142861404806,
    0.750693068450321,
    0.7649095354304398,
    0.7319582731688107,
    0.7846336905415404,
    0.7254598677772739,
    0.7219753924616339,
    0.7366430597985633,
    0.7559610685815891
  ],
  "train_rmse": [
    5.046630866234484,
    2.7884906815917385,
    2.508283306432354,
    2.3159974759713235,
    2.1181385183482755,
    2.0225122707753003,
    1.9530135621974907,
    1.9347574765548128,
    1.885615880947739,
    1.870215375752643,
    1.8293153882331594,
    1.8113549188104343,
    1.797248517723047,
    1.7687101033111134,
    1.7755669738936588,
    1.735047589738501,
    1.7421774593572843,
    1.7207238151879696,
    1.7101564720083218,
    1.7042600552624598,
    1.6854193177544656,
    1.6698762328787118,
    1.6697222930640845,
    1.6468246255119554,
    1.6414332839164598,
    1.611787178706301,
    1.607244021983354,
    1.606323053450681,
    1.6147174307261745,
    1.6012412317374873,
    1.5904218572407829,
    1.5922729497771233,
    1.5599364825400508,
    1.5635457273723516,
    1.5685892996337867,
    1.5617404977992386,
    1.5505768281874237,
    1.555779960568373,
    1.5354536826452663,
    1.5265078899265119,
    1.5168125169359599,
    1.521365762811269,
    1.5023683996314197,
    1.5158149265818974,
    1.5027233982223565,
    1.5263916372106043,
    1.503875401913626,
    1.477314763451955,
    1.47907680567834,
    1.4720408087384167
  ],
  "test_rmse": [
    3.142202579561605,
    2.614902865886044,
    2.405152416082147,
    2.1198877417369366,
    2.027098670166879,
    1.9076163808715234,
    1.9454667448687843,
    1.954440390380903,
    1.84255009187544,
    1.8284596234591555,
    1.8845529153315759,
    1.7799734145017692,
    1.7760321836023527,
    1.7468583034446212,
    1.7453702562949862,
    1.7442006018564655,
    1.7249677784949342,
    1.6965525617098527,
    1.7414327375545449,
    1.6766037543701964,
    1.679646559469883,
    1.6719093518515324,
    1.7440154676581345,
    1.6129291646648645,
    1.613126155839589,
    1.6002514499216067,
    1.591949277223685,
    1.632358985791129,
    1.6339756156933596,
    1.5813185551158015,
    1.620116548870602,
    1.5910105158553567,
    1.5573219777184866,
    1.5574704222195328,
    1.5998434421394325,
    1.5844181425300237,
    1.5848191345327471,
    1.5648366792317456,
    1.6549091339492565,
    1.5632291038587727,
    1.5307081758164114,
    1.5397227902431179,
    1.5565558236072157,
    1.5756679076238984,
    1.528719087698669,
    1.5795459253589768,
    1.5208259607536352,
    1.5178260830547727,
    1.5083988740705998,
    1.5807987499805427
  ]
}