{
  "best_test_mae": 0.24269784164261454,
  "train_mae": [
    0.7479636491563847,
    0.47024989450516963,
    0.4100879604624747,
    0.3832808668828057,
    0.35837871518329223,
    0.3483199642585467,
    0.33679660890326124,
    0.32442723140348323,
    0.3235377562409522,
    0.3103003199931902,
    0.3025243002832682,
    0.29935837633920076,
    0.2953962416216707,
    0.29043760377264966,
    0.2885388342861527,
    0.2797531343462551,
    0.2797791310918929,
    0.27459433559589785,
    0.2748628725480681,
    0.27837033532396993,
    0.27047319502122014,
    0.2747921197642964,
    0.26538756209787795,
    0.2700056620653264,
    0.26089944820449024,
    0.2578615741859676,
    0.2559809099805574,
    0.2531203046928097,
    0.2548133689694464,
    0.255122524430505
  ],
  "test_mae": [
    0.4988828887632498,
    0.4291252625806409,
    0.3764887982398018,
    0.3468327510000251,
    0.3505939963843024,
    0.39879085578443624,
    0.3432411299356206,
    0.3269675918183646,
    0.3393671517562832,
    0.2952412942412272,
    0.3245629899519888,
    0.3026477177361628,
    0.29720015682122797,
    0.3291712524683798,
    0.27439037566042895,
    0.2927908779943719,
    0.2812464371295879,
    0.29941951942775663,
    0.27981858667091236,
    0.261130358213921,
    0.2629102490357675,
    0.2759793653436291,
    0.2700137247553439,
    0.25131291034938635,
    0.2724688241441474,
    0.26273310121173943,
    0.25783360448565223,
    0.3122211575856093,
    0.25635385951191875,
    0.24269784164261454
  ],
  "train_rmse": [
    1.0814080840242788,
    0.7511073810720538,
    0.6931907304133804,
    0.6675268101586916,
    0.644065219798686,
    0.644803416960018,
    0.6196038253004905,
    0.6041714921078822,
    0.6018185701724859,
    0.5940221949380853,
    0.5848536377725359,
    0.5874419326861361,
    0.5767300003886063,
    0.5719557445843672,
    0.5670707312950233,
    0.5601055945301503,
    0.5606949786508694,
    0.5515018903699072,
    0.5553023323957944,
    0.5569164677216453,
    0.5454455782287799,
    0.5590854948751176,
    0.5430804020066349,
    0.5510930930589091,
    0.5406916438693591,
    0.5289757932289323,
    0.527203917035047,
    0.5254999962437633,
    0.5276919240272521,
    0.5289530941391636
  ],
  "test_rmse": [
    0.7971347665258992,
    0.7086870320781183,
    0.662431798961437,
    0.6276599990823275,
    0.6362194668419476,
    0.7356150587290533,
    0.6066339247921791,
    0.6018013574002584,
    0.6303625509423182,
    0.5668293294709092,
    0.6195944315205241,
    0.6112838161809974,
    0.5853933990963534,
    0.6521188702972034,
    0.5316009255822686,
    0.5666922620036421,
    0.5628162157180224,
    0.582104995612447,
    0.5771519133012943,
    0.5377519924362528,
    0.5460408791724148,
    0.5404966783789097,
    0.5580939871113025,
    0.5278167586905583,
    0.5640223337327928,
    0.5390139634321311,
    0.5543949548815282,
    0.5945088046953102,
    0.5453991466037011,
    0.5180368642207708
  ]
}