{
  "best_test_mae": 0.2506401943839411,
  "train_mae": [
    1.1158973484228485,
    0.5854709193192235,
    0.46216281574393664,
    0.4076240635239693,
    0.37541854729108465,
    0.3630663574580352,
    0.35497190516959004,
    0.34246075388870184,
    0.3343428181145762,
    0.3263153870651639,
    0.3180047053989539,
    0.30314385757302104,
    0.29408535034968847,
    0.2927428165291078,
    0.29203131441993113,
    0.2894968598444205,
    0.28295154189133326,
    0.281495402879662,
    0.27022670694273393,
    0.26745565211701383,
    0.2726083617487721,
    0.26893835677859423,
    0.2655461542703814,
    0.26261155593505997,
    0.25905205663094233,
    0.2610271920985853,
    0.24777034988199173,
    0.25209008804081484,
    0.2530730243887274,
    0.25232151439358896
  ],
  "test_mae": [
    0.7436124505448566,
    0.4768948449557794,
    0.42758101339661164,
    0.38329583681937807,
    0.39148310972214817,
    0.35298821127552793,
    0.37613009941143416,
    0.3577570193596521,
    0.3246823656204543,
    0.34485481467886864,
    0.30593396272987494,
    0.3153607850631731,
    0.29836001851864946,
    0.31175077676126406,
    0.2885293408465078,
    0.2929334444470435,
    0.3092303430254444,
    0.28743981302923055,
    0.2795250444776699,
    0.2716098029131276,
    0.28883286770949723,
    0.27353745023546444,
    0.25823991079034664,
    0.2720861106236013,
    0.2843688287317996,
    0.2527898171788251,
    0.25226075130883074,
    0.2750214060686146,
    0.2506401943839411,
    0.2523575440870198
  ],
  "train_rmse": [
    1.4950797393305872,
    0.868641882547696,
    0.7384354443579495,
    0.6925030272584454,
    0.6583145307383883,
    0.6428172403219169,
    0.6390149660365396,
    0.618794687527833,
    0.6194852306434656,
    0.6100510617338575,
    0.5998347518966063,
    0.5833949976755995,
    0.5736943911146629,
    0.5723001697207316,
    0.5693967313744113,
    0.5673503830003075,
    0.5630485051629561,
    0.5549642012992033,
    0.5364257881830706,
    0.5459141334832547,
    0.5433751273320047,
    0.5444180214418805,
    0.5404867101453145,
    0.5413646740698829,
    0.5266531176416831,
    0.5321401638759705,
    0.5211377569815636,
    0.5280548240502054,
    0.527745976850977,
    0.5294664282375304
  ],
  "test_rmse": [
    1.0540953742132597,
    0.7484267554487941,
    0.7283251343910938,
    0.6690497721791696,
    0.6781407422868765,
    0.6248932715087493,
    0.6351717563708169,
    0.6057778727856886,
    0.609010545417073,
    0.6337315414070407,
    0.5905248185266108,
    0.6047895836091667,
    0.6034179861610333,
    0.6029953291304605,
    0.5569017189324883,
    0.5686601490271951,
    0.6163927954701371,
    0.56948980385919,
    0.5602781364280756,
    0.5355977713123676,
    0.5763165565292492,
    0.5598971300522955,
    0.5356644991093175,
    0.5732322255997591,
    0.5731225847033231,
    0.5347980964889705,
    0.537747091386363,
    0.5842442202431478,
    0.5331533339720863,
    0.5126063426599494
  ]
}