{
  "best_test_mae": 0.3088026912866474,
  "train_mae": [
    0.7801778504811138,
    0.5106856272220229,
    0.4754314086509489,
    0.4532841901085343,
    0.4234166678662493,
    0.40581582245021497,
    0.38837841239281146,
    0.3692050955412433,
    0.3758791821757585,
    0.37354494610047895,
    0.3543152727585993,
    0.3549832549247838,
    0.3532993068400407,
    0.34165627860727266,
    0.3383083328782967,
    0.3291674682989134,
    0.3329382790130992,
    0.3237289562481259,
    0.32423447647947107,
    0.3236845806356536
  ],
  "test_mae": [
    0.5420975943014796,
    0.5398446260603997,
    0.5005692241225038,
    0.4039428175417699,
    0.3943846934211633,
    0.42538576330704214,
    0.3695816247548979,
    0.4129016933065601,
    0.37460983764295913,
    0.3944985996365516,
    0.3830430329739187,
    0.3490130205983157,
    0.3286827045019044,
    0.3834502976733764,
    0.33228575429518287,
    0.3669756489596238,
    0.3088026912866474,
    0.3564628486102508,
    0.3277666116896249,
    0.33131232803116384
  ],
  "train_rmse": [
    1.0704511605390719,
    0.7323581444950306,
    0.6967682235503841,
    0.6716786229591514,
    0.6419386710088769,
    0.6237886861287918,
    0.6061930496611,
    0.585053681130681,
    0.5917767462840157,
    0.5928113032684466,
    0.5687509226738601,
    0.5694492168559615,
    0.5683051703842565,
    0.5539048629727347,
    0.552788131550386,
    0.5425757679500218,
    0.5469716675940365,
    0.5364634771005347,
    0.5357933312324824,
    0.5330882313873069
  ],
  "test_rmse": [
    0.7700898486600312,
    0.7676401513182117,
    0.723205597038841,
    0.6249985880720875,
    0.6140267958479136,
    0.6337193884865011,
    0.600392662014636,
    0.6338248907926141,
    0.6007668923855407,
    0.6185945732275524,
    0.6259822548418513,
    0.590919141445787,
    0.5518491969918009,
    0.6196232273465849,
    0.5505023751175866,
    0.5678009549814084,
    0.5334872948652096,
    0.5482527046608096,
    0.5503090892756181,
    0.5545272090814415
  ]
}