{
  "sample_idx": 0,
  "n_steps": 200,
  "physical_space": {
    "mae_Te": 3.678029775619507,
    "mae_Ti": 1470.7203369140625,
    "mae_avg": 737.1991577148438,
    "rmse_avg": 24107.7421875,
    "rmse_Te": 55.00664138793945,
    "rmse_Ti": 48160.4765625
  },
  "normalized_space": {
    "rmse_Te": 1.0224467515945435,
    "rmse_Ti": 0.997291624546051,
    "mae_avg": 0.8006580471992493,
    "rmse_avg": 1.0098692178726196
  }
}