{
  "best_test_mae": 0.245735837960938,
  "train_mae": [
    0.7465999814653063,
    0.4645770899244037,
    0.40229122549105845,
    0.38351472160986594,
    0.3589377575274452,
    0.3399235773089097,
    0.3292004565659381,
    0.32622320934460214,
    0.310551300350627,
    0.31378935553041487,
    0.3073361684528289,
    0.29318365696463367,
    0.30039468698475585,
    0.28940613867209686,
    0.2962383771535325,
    0.2821376559709747,
    0.2819578394739697,
    0.2770822587770036,
    0.27727562713745396,
    0.2727319028428895,
    0.2693706453192551,
    0.2657138930214855,
    0.2624939312565019,
    0.2618589483118264,
    0.2651251673890873,
    0.2505664818383884,
    0.2507223452584724,
    0.2527026989301063,
    0.260278423813208,
    0.25382570104914565
  ],
  "test_mae": [
    0.4644999221236914,
    0.4193060748680397,
    0.358670140409382,
    0.3537990487905649,
    0.36683134076275453,
    0.375285064849493,
    0.3127229433027144,
    0.3493113891249036,
    0.3297916882455615,
    0.31827063206206724,
    0.3582962406926595,
    0.28801912228721244,
    0.28820297246819315,
    0.29970032638826216,
    0.29145406494781584,
    0.290282747981241,
    0.2611310551393749,
    0.31413528627459225,
    0.2900888290986141,
    0.2733207256610577,
    0.2574005021836132,
    0.27910943778176484,
    0.293552586105559,
    0.27170085658811777,
    0.3516107318264257,
    0.260539777535909,
    0.27013312195417105,
    0.2796249932379008,
    0.26257608409590155,
    0.245735837960938
  ],
  "train_rmse": [
    1.0627823656774922,
    0.7469550352171521,
    0.6928559073930126,
    0.679137536051834,
    0.6516282687334198,
    0.6292977388546098,
    0.6132977545742438,
    0.6074171532138856,
    0.5990030690290353,
    0.6055082685629496,
    0.5974180141221359,
    0.5783690878028466,
    0.5878001647362648,
    0.5715220777444879,
    0.5934540308292457,
    0.5689924618485394,
    0.5709612180876109,
    0.5647027424715201,
    0.5659670893197699,
    0.5563042575949952,
    0.552032835026901,
    0.5532565801817345,
    0.543166749704132,
    0.542844744911125,
    0.5502299964730963,
    0.5239321133947911,
    0.5292847424998094,
    0.5305201391401468,
    0.5450845983000198,
    0.5319202704369561
  ],
  "test_rmse": [
    0.7601297953134628,
    0.6878397162906956,
    0.6515377318950343,
    0.633629853501772,
    0.6568411694881576,
    0.6572601056089585,
    0.5898932078842571,
    0.6215310074742249,
    0.6162583784298975,
    0.6231160745527017,
    0.645911983925353,
    0.586561771697249,
    0.576004265729334,
    0.6272824491400747,
    0.5688534097381516,
    0.5863921620729113,
    0.5405701077665237,
    0.6025045637766852,
    0.57359888979291,
    0.552922874260175,
    0.5483145821829112,
    0.5762329614228563,
    0.556158782658962,
    0.5428766503407697,
    0.7043751693969676,
    0.5603475477473105,
    0.5675138135990085,
    0.5537813698666432,
    0.5466400746379183,
    0.522701884111931
  ]
}