{
  "best_test_mae": 0.22918242541308415,
  "train_mae": [
    1.0395301853187477,
    0.5324595860934828,
    0.4369073429231036,
    0.3996405287375715,
    0.3692363634403649,
    0.3514053032976459,
    0.35180943048662433,
    0.32325605941709656,
    0.3271006335988868,
    0.31538156933651174,
    0.3135694708823903,
    0.29077410888345606,
    0.2959409099686322,
    0.2852032457978631,
    0.29980134604787395,
    0.2813887258921084,
    0.2799342298311419,
    0.27973598854414455,
    0.27425509728874053,
    0.27715416326128756,
    0.26373318507057436,
    0.25544777553136444,
    0.2686116461198933,
    0.2546532547976693,
    0.25442818838494613,
    0.2623139876042808,
    0.2537722443731374,
    0.2486275610686967,
    0.23888104029772864,
    0.2561743428340452,
    0.25409380623573813,
    0.24021248821777108,
    0.2561422844828306,
    0.2547445715742478,
    0.24054540182986314,
    0.23504680656179838,
    0.2386602440294325,
    0.2338936472043595,
    0.23637049984892436,
    0.2340708591442625,
    0.24263033849294383,
    0.22656901357060108,
    0.22617446433664956,
    0.2222377896799577,
    0.23344160309465958,
    0.22532620160463832,
    0.22081646252489043,
    0.2246764848949424,
    0.23399176734373328,
    0.2208836887673857
  ],
  "test_mae": [
    0.6664106115860462,
    0.4390946745167695,
    0.4115314812573838,
    0.39566922143689287,
    0.3852938184029601,
    0.369263632392032,
    0.3628839980145708,
    0.30306611602454714,
    0.33086042668269233,
    0.3004596032833421,
    0.306200699104916,
    0.30177430407423206,
    0.31200839500196903,
    0.2884014197459963,
    0.30961484339106393,
    0.29971437687672287,
    0.2633245961456419,
    0.31284722501394724,
    0.2724807828190634,
    0.2614143724669369,
    0.3001961093380809,
    0.2588990079519723,
    0.2616199830992386,
    0.2759136125479949,
    0.2554546515038396,
    0.26076241841895836,
    0.2452850611319408,
    0.24554630890653714,
    0.26316192657398596,
    0.2659672463142393,
    0.26920212920878184,
    0.27374758461661525,
    0.2654678800927901,
    0.28866674272692966,
    0.2670417786205369,
    0.26709627716633305,
    0.24776794603447427,
    0.24738158698969545,
    0.25131474642704776,
    0.24983299960824693,
    0.23540040600797454,
    0.22918242541308415,
    0.23673048285106,
    0.2600653891790004,
    0.24321401306937515,
    0.24631554941831846,
    0.2569263229870865,
    0.2553509059033703,
    0.25431797146765883,
    0.25560549643935415
  ],
  "train_rmse": [
    1.3939340063752972,
    0.8145988177685843,
    0.7228183359463723,
    0.692065091708173,
    0.666311123178186,
    0.6399790483779935,
    0.6432572767014921,
    0.6101614135752287,
    0.6234517049298014,
    0.6119323329639776,
    0.6067323104101773,
    0.578403044955906,
    0.5833630862014114,
    0.5709309281927806,
    0.5960938124247215,
    0.5684091194186627,
    0.5634989011655316,
    0.5648695458633594,
    0.563276182501657,
    0.5634011538906266,
    0.5424885069216143,
    0.53497458939982,
    0.5584064952212735,
    0.5384927710614398,
    0.5390392485011359,
    0.5514015061590891,
    0.5386220868790127,
    0.5326450929261378,
    0.5087654093483676,
    0.546428038898078,
    0.523069856009786,
    0.5162933062883249,
    0.5415740068800035,
    0.5385511455199226,
    0.5232482578068007,
    0.5120985371414252,
    0.5172470478898915,
    0.5112486306725363,
    0.5130910666497988,
    0.5162654685097324,
    0.5260343949000573,
    0.5002088355311555,
    0.499263811650739,
    0.48905283386722254,
    0.5157569215456616,
    0.5011244024695217,
    0.49534964853859265,
    0.5088972690332896,
    0.515863268033907,
    0.4878603142139426
  ],
  "test_rmse": [
    0.9224759892405091,
    0.7236350235635881,
    0.7024593546332216,
    0.6987806466895818,
    0.6769271187875688,
    0.6159058006518249,
    0.6344887641985458,
    0.5862323836820514,
    0.6161581615624134,
    0.5859219090863526,
    0.5998590221915295,
    0.5919209473618235,
    0.6077884586375747,
    0.5785750039805676,
    0.5695988740992483,
    0.6039361636587383,
    0.5582642934767132,
    0.6114116505625489,
    0.5683828720237543,
    0.5390727816145972,
    0.5933422879453792,
    0.5425511832163392,
    0.5446050791235703,
    0.5970233602036765,
    0.5596908688641471,
    0.5562921921129518,
    0.5293797402112023,
    0.5297209324863019,
    0.5567046755963199,
    0.5548122634139486,
    0.5952988736778844,
    0.526978355325037,
    0.5698787842500087,
    0.5951814803489142,
    0.5879576352304987,
    0.5769859368785957,
    0.5418571214121524,
    0.548247465807735,
    0.5368262710437703,
    0.5465973038993491,
    0.5317704814047765,
    0.5104485760976553,
    0.5367292196652962,
    0.5667260598077672,
    0.5422063605877842,
    0.5449719775920155,
    0.5493161918650766,
    0.5415493597564056,
    0.5556948522862847,
    0.5419535112617626
  ]
}