{
  "best_loss": 0.014037498094451924,
  "final_loss": 0.019072292388106385,
  "verdict": "FAIL \u2014 loss didn't converge, check data pipeline",
  "reconstruction": {
    "view0": {
      "Te": 0.6629979014396667,
      "Ti": 0.594383180141449
    },
    "view1": {
      "Te": 0.6125208735466003,
      "Ti": 0.695236325263977
    },
    "view2": {
      "Te": 0.4165281057357788,
      "Ti": 0.3378443717956543
    }
  },
  "mean_mae": {
    "Te": 0.5640156269073486,
    "Ti": 0.5424879193305969
  }
}